"","pendapatan","umur","status","pekerjaan","pinjaman"
"1",4439524.35344779,30.0210063757433,"Menikah","PNS","Tidak"
"2",4769822.51051672,29.800224781169,"Cerai","Pelajar","Tidak"
"3",6558708.31414912,34.9100987971167,"Belum Menikah","Wiraswasta","Tidak"
"4",5070508.39142458,34.3391243357163,"Cerai","Swasta","Tidak"
"5",5129287.73516095,22.2532861262478,"Menikah","PNS","Tidak"
"6",6715064.98688328,40.2028672785969,"Menikah","PNS","Ya"
"7",5460916.2059892,36.248628679926,"Cerai","PNS","Tidak"
"8",3734938.76539347,47.0810368657416,"Menikah","Swasta","Tidak"
"9",4313147.14810647,38.4259911902555,"Belum Menikah","Wiraswasta","Tidak"
"10",4554338.02990004,32.76520345519,"Cerai","PNS","Tidak"
"11",6224081.79743946,48.9869557347905,"Menikah","PNS","Ya"
"12",5359813.82705736,49.1611301195775,"Cerai","Pelajar","Tidak"
"13",5400771.45059405,28.9064409185491,"Menikah","Swasta","Tidak"
"14",5110682.71594512,37.3451597797771,"Menikah","Pelajar","Tidak"
"15",4444158.86524593,33.9437654068392,"Menikah","Wiraswasta","Tidak"
"16",6786913.13680308,35.9352557327701,"Cerai","Pelajar","Tidak"
"17",5497850.47822924,36.1377136428441,"Cerai","PNS","Tidak"
"18",3033382.84337036,28.6904976856547,"Belum Menikah","PNS","Tidak"
"19",5701355.90156369,36.4279479012128,"Menikah","Pelajar","Tidak"
"20",4527208.59227207,43.746236815709,"Menikah","Swasta","Tidak"
"21",3932176.29401315,34.179549979326,"Menikah","Pelajar","Tidak"
"22",4782025.0853417,34.1853664465077,"Belum Menikah","Pelajar","Tidak"
"23",3973995.55169276,41.9928600316873,"Belum Menikah","Wiraswasta","Tidak"
"24",4271108.77070886,39.4919812034147,"Menikah","PNS","Tidak"
"25",4374960.73215074,26.7575259080936,"Belum Menikah","Swasta","Tidak"
"26",3313306.68925759,36.1427848663109,"Belum Menikah","PNS","Tidak"
"27",5837787.04449452,43.2677361733887,"Belum Menikah","PNS","Tidak"
"28",5153373.11783652,42.0763817495957,"Belum Menikah","Wiraswasta","Tidak"
"29",3861863.06298805,37.0997580190711,"Menikah","Swasta","Tidak"
"30",6253814.92106993,38.6061040355645,"Belum Menikah","Wiraswasta","Tidak"
"31",5426464.22147681,29.0153239390566,"Cerai","PNS","Tidak"
"32",4704928.51700773,36.5006578344069,"Menikah","Swasta","Tidak"
"33",5895125.66104502,30.2277553240609,"Menikah","Swasta","Tidak"
"34",5878133.48753304,32.7099096595153,"Belum Menikah","PNS","Tidak"
"35",5821581.08163749,39.678018418898,"Menikah","PNS","Tidak"
"36",5688640.25410009,29.3155344415443,"Cerai","Wiraswasta","Tidak"
"37",5553917.65353759,36.3345912543653,"Menikah","Wiraswasta","Tidak"
"38",4938088.28942328,37.1416601973577,"Belum Menikah","PNS","Tidak"
"39",4694037.33626008,35.2745598491981,"Belum Menikah","Wiraswasta","Tidak"
"40",4619528.99898762,44.1109441091771,"Belum Menikah","Wiraswasta","Tidak"
"41",4305293.02107949,29.8882633571237,"Belum Menikah","Wiraswasta","Tidak"
"42",4792082.7219804,38.030651307178,"Belum Menikah","PNS","Tidak"
"43",3734603.64843174,34.5553471627467,"Cerai","Pelajar","Tidak"
"44",7168955.96533851,33.6958387808304,"Menikah","Pelajar","Tidak"
"45",6207961.99830499,37.3204561692619,"Cerai","PNS","Tidak"
"46",3876891.41679665,29.8979970465803,"Menikah","Wiraswasta","Tidak"
"47",4597115.16470092,28.432745417408,"Belum Menikah","Wiraswasta","Tidak"
"48",4533344.64637678,32.5275956225829,"Menikah","Swasta","Tidak"
"49",5779965.11833632,43.7587857487772,"Menikah","PNS","Tidak"
"50",4916630.93352817,35.2788238730626,"Cerai","Wiraswasta","Tidak"
"51",5253318.51399476,36.6571719911394,"Menikah","PNS","Tidak"
"52",4971453.2446513,34.0507668116123,"Belum Menikah","PNS","Tidak"
"53",4957129.54270868,37.3524636597691,"Menikah","Wiraswasta","Tidak"
"54",6368602.28401446,30.2416022849143,"Menikah","Pelajar","Tidak"
"55",4774229.01434073,40.7895523328432,"Menikah","PNS","Tidak"
"56",6516470.60442954,37.9235263012068,"Belum Menikah","PNS","Tidak"
"57",3451247.19576978,30.9677358865415,"Cerai","Swasta","Tidak"
"58",5584613.74963607,35.27276622906,"Menikah","Wiraswasta","Tidak"
"59",5123854.24384461,38.5816580974956,"Menikah","PNS","Tidak"
"60",5215941.56874397,37.788654910273,"Belum Menikah","Swasta","Tidak"
"61",5379639.48275988,42.4096700793844,"Menikah","PNS","Tidak"
"62",4497676.5468907,31.9350612255258,"Menikah","Wiraswasta","Tidak"
"63",4666792.61633058,40.580683077452,"Menikah","Swasta","Tidak"
"64",3981424.61689291,40.1827400497061,"Menikah","PNS","Tidak"
"65",3928208.77352442,34.1875843404857,"Belum Menikah","PNS","Tidak"
"66",5303528.64140426,30.1203665358906,"Belum Menikah","Wiraswasta","Tidak"
"67",5448209.77862943,29.5542740455774,"Belum Menikah","PNS","Tidak"
"68",5053004.2267305,37.2889347897249,"Menikah","Swasta","Tidak"
"69",5922267.46787974,34.6443663313955,"Menikah","Swasta","Tidak"
"70",7050084.68562714,43.8955133342572,"Menikah","Swasta","Ya"
"71",4508968.83394346,37.675689802481,"Belum Menikah","Swasta","Tidak"
"72",2690831.12435919,33.1402756241825,"Belum Menikah","Swasta","Tidak"
"73",6005738.52446226,29.8722887575144,"Menikah","Swasta","Ya"
"74",4290799.23741761,32.0879916269737,"Menikah","Wiraswasta","Tidak"
"75",4311991.38353264,36.7144419644867,"Cerai","PNS","Tidak"
"76",6025571.3696967,32.7453267647167,"Cerai","PNS","Tidak"
"77",4715226.99294899,37.5711506011534,"Cerai","Wiraswasta","Tidak"
"78",3779282.28774546,33.3283097391511,"Cerai","Wiraswasta","Tidak"
"79",5181303.47974915,34.4722004560276,"Menikah","Wiraswasta","Tidak"
"80",4861108.63756096,31.3474516359609,"Belum Menikah","PNS","Tidak"
"81",5005764.18589989,44.5252179245435,"Belum Menikah","PNS","Tidak"
"82",5385280.40112633,36.663108657352,"Menikah","Swasta","Tidak"
"83",4629339.96820759,36.1531682024973,"Belum Menikah","Wiraswasta","Tidak"
"84",5644376.54851883,26.5406879255797,"Cerai","Swasta","Tidak"
"85",4779513.43818125,38.2989594977466,"Menikah","PNS","Tidak"
"86",5331781.9639157,29.8818820556014,"Cerai","Swasta","Tidak"
"87",6096839.01314935,30.5423921282285,"Menikah","PNS","Ya"
"88",5435181.4908338,39.5917058551082,"Belum Menikah","Swasta","Tidak"
"89",4674068.41446877,32.7364967674589,"Belum Menikah","PNS","Tidak"
"90",6148807.61845109,26.2581385999841,"Belum Menikah","Swasta","Tidak"
"91",5993503.85596212,43.8495205494468,"Menikah","PNS","Tidak"
"92",5548396.95950807,23.1129653730374,"Menikah","Swasta","Tidak"
"93",5238731.73511144,37.8640576492979,"Menikah","Pelajar","Tidak"
"94",4372093.92396063,40.086246245423,"Menikah","Swasta","Tidak"
"95",6360652.44853001,31.8451606666973,"Menikah","Wiraswasta","Ya"
"96",4399740.41285287,37.2214352570578,"Belum Menikah","PNS","Tidak"
"97",7187332.99301658,37.1956519419428,"Menikah","Swasta","Ya"
"98",6532610.62618519,40.2031157645726,"Cerai","Wiraswasta","Tidak"
"99",4764299.64089952,37.4204969397626,"Menikah","PNS","Tidak"
"100",3973579.09969322,33.7755811045374,"Belum Menikah","PNS","Tidak"
"101",4289593.4363007,39.5799602897011,"Menikah","Swasta","Tidak"
"102",5256883.70915653,39.0031117825488,"Menikah","Wiraswasta","Tidak"
"103",4753308.12153763,30.317154829321,"Menikah","Wiraswasta","Tidak"
"104",4652457.40060227,27.9960628300213,"Cerai","PNS","Tidak"
"105",4048381.43273498,35.8013876999659,"Belum Menikah","Wiraswasta","Tidak"
"106",4954972.27519108,33.6301881261241,"Menikah","Swasta","Tidak"
"107",4215095.53054292,30.0723044371885,"Cerai","PNS","Tidak"
"108",3332058.06341186,35.4196533975752,"Belum Menikah","Swasta","Tidak"
"109",4619773.47971224,28.4000173675655,"Menikah","Wiraswasta","Tidak"
"110",5918996.60906077,35.806131756631,"Cerai","Wiraswasta","Tidak"
"111",4424653.03739161,31.8753580622904,"Belum Menikah","PNS","Tidak"
"112",5607964.32222503,39.7858213709624,"Menikah","PNS","Tidak"
"113",3382117.29171084,47.1224457058077,"Menikah","Pelajar","Tidak"
"114",4944438.03447546,30.420103781566,"Belum Menikah","PNS","Tidak"
"115",5519407.20394346,40.2883208547149,"Belum Menikah","PNS","Tidak"
"116",5301153.36216671,39.1257486388414,"Menikah","Swasta","Tidak"
"117",5105676.19414894,34.6490288784732,"Belum Menikah","Wiraswasta","Tidak"
"118",4359293.99169462,32.7317681297149,"Belum Menikah","Wiraswasta","Tidak"
"119",4150295.65396642,42.8765385341874,"Belum Menikah","Swasta","Tidak"
"120",3975871.20939509,24.9727109088188,"Cerai","PNS","Tidak"
"121",5117646.59710013,31.7840260420317,"Cerai","PNS","Tidak"
"122",4052525.3858152,27.8157827817111,"Cerai","Wiraswasta","Tidak"
"123",4509442.55629933,41.9765671947304,"Menikah","Wiraswasta","Tidak"
"124",4743907.80780175,34.0464828367757,"Menikah","PNS","Tidak"
"125",6843862.00523221,32.3766440026516,"Cerai","Swasta","Tidak"
"126",4348050.09830454,50.9202223703316,"Cerai","Swasta","Tidak"
"127",5235386.57228486,34.7498136605619,"Belum Menikah","Wiraswasta","Tidak"
"128",5077960.84956371,32.7812534406674,"Belum Menikah","Pelajar","Tidak"
"129",4038143.36586987,36.4993262506807,"Belum Menikah","Swasta","Tidak"
"130",4928691.9138764,27.1578768962252,"Menikah","Wiraswasta","Tidak"
"131",6444550.85842335,37.4515132133603,"Menikah","Wiraswasta","Ya"
"132",5451504.05307921,34.5191839946002,"Menikah","PNS","Tidak"
"133",5041232.92199294,37.3426256126507,"Menikah","Swasta","Tidak"
"134",4577503.16766038,30.0881468203107,"Cerai","PNS","Tidak"
"135",2946752.77845948,29.8850807892603,"Belum Menikah","Wiraswasta","Tidak"
"136",6131337.21341418,31.5329266836191,"Menikah","Wiraswasta","Ya"
"137",3539359.92907518,31.1600521345361,"Menikah","PNS","Tidak"
"138",5739947.51087733,41.4952498334179,"Menikah","Pelajar","Tidak"
"139",6909103.56921748,42.8957278090405,"Menikah","Wiraswasta","Ya"
"140",3556106.8390282,34.2155402348047,"Cerai","PNS","Tidak"
"141",5701784.33537471,33.2053171970766,"Belum Menikah","Swasta","Tidak"
"142",4737802.51059753,33.3548058478917,"Belum Menikah","PNS","Tidak"
"143",3427855.84085451,35.3461823892651,"Menikah","Wiraswasta","Tidak"
"144",3485332.34621825,35.4845211685053,"Menikah","PNS","Tidak"
"145",3398463.82642541,36.4501719388279,"Menikah","PNS","Tidak"
"146",4469093.4778297,31.2666052947687,"Belum Menikah","PNS","Tidak"
"147",3538244.4150041,30.7655180558984,"Menikah","Swasta","Tidak"
"148",5687916.77297583,40.9853883187304,"Menikah","PNS","Tidak"
"149",7100108.94052567,32.2568631944834,"Belum Menikah","PNS","Tidak"
"150",3712969.52396482,36.5152284761273,"Menikah","PNS","Tidak"
"151",5787738.84747518,34.7151473309833,"Menikah","Wiraswasta","Tidak"
"152",5769042.24100091,30.2107530392467,"Menikah","PNS","Tidak"
"153",5332202.57895012,37.9553095470575,"Cerai","PNS","Tidak"
"154",3991623.39172299,35.8655243674648,"Cerai","Swasta","Tidak"
"155",4880547.39336934,41.9989167810625,"Menikah","Pelajar","Tidak"
"156",4719604.66482975,35.5872979231349,"Belum Menikah","PNS","Tidak"
"157",5562989.53322048,33.3422712089957,"Menikah","Wiraswasta","Tidak"
"158",4627561.24389617,36.3914745665268,"Belum Menikah","PNS","Tidak"
"159",5976973.38668562,29.0720417548233,"Menikah","Swasta","Tidak"
"160",4625419.14223299,30.820529733032,"Cerai","Swasta","Tidak"
"161",6052711.46557933,37.5513662556972,"Menikah","Wiraswasta","Ya"
"162",3950822.99333393,33.3343954938803,"Menikah","PNS","Tidak"
"163",3739844.75524189,34.6701952682377,"Menikah","Swasta","Tidak"
"164",8241039.9349424,34.4238914528903,"Menikah","Swasta","Ya"
"165",4583142.41183957,31.7474369061274,"Belum Menikah","Wiraswasta","Tidak"
"166",5298227.59154072,24.9065567045879,"Menikah","PNS","Tidak"
"167",5636569.67403385,36.744174850883,"Menikah","Wiraswasta","Tidak"
"168",4516219.37429126,38.8081975382343,"Menikah","Swasta","Tidak"
"169",5516862.04431361,28.5564188232494,"Menikah","Swasta","Tidak"
"170",5368964.52738509,42.412013592293,"Cerai","Swasta","Tidak"
"171",4784619.49235831,36.9257741184362,"Menikah","PNS","Tidak"
"172",5065293.03352532,41.7082014749694,"Cerai","PNS","Tidak"
"173",4965932.74626154,30.2141476437886,"Menikah","PNS","Tidak"
"174",7128451.89901618,35.8339064417713,"Menikah","PNS","Ya"
"175",4258663.90372717,34.499930205306,"Menikah","PNS","Tidak"
"176",3904003.73292534,38.8425371594089,"Belum Menikah","Swasta","Tidak"
"177",5037788.39917108,32.1207021604365,"Menikah","PNS","Tidak"
"178",5310480.74944314,34.9495116402377,"Menikah","PNS","Tidak"
"179",5436523.47891018,26.1067042562803,"Menikah","Wiraswasta","Tidak"
"180",4541634.66728889,31.1118927856475,"Menikah","PNS","Tidak"
"181",3936673.86602881,35.6251694183255,"Cerai","Swasta","Tidak"
"182",6263185.17608949,31.4683925380589,"Belum Menikah","Wiraswasta","Tidak"
"183",4650349.61204644,34.7821525709426,"Belum Menikah","PNS","Tidak"
"184",4134487.13734663,32.6603701303739,"Cerai","PNS","Tidak"
"185",4763720.4310589,38.0346506808075,"Menikah","Pelajar","Tidak"
"186",4802824.10565145,40.8424415437478,"Menikah","Pelajar","Tidak"
"187",6109920.28971364,30.8874929359624,"Menikah","Wiraswasta","Ya"
"188",5084737.2921972,33.4648172070264,"Menikah","PNS","Tidak"
"189",5754053.78518452,42.1988062918487,"Menikah","Pelajar","Tidak"
"190",4500707.98282774,24.0053837290815,"Belum Menikah","Wiraswasta","Tidak"
"191",5214445.3095816,33.4008110412963,"Menikah","Wiraswasta","Tidak"
"192",4675314.08850917,45.3235214207167,"Belum Menikah","PNS","Tidak"
"193",5094583.52817357,45.9679503453213,"Menikah","PNS","Tidak"
"194",4104636.64202246,35.7829766167507,"Belum Menikah","Swasta","Tidak"
"195",3689198.46667203,30.6819552469318,"Menikah","PNS","Tidak"
"196",6997213.38474797,35.8272870974522,"Menikah","Wiraswasta","Ya"
"197",5600708.82367242,31.7361280202649,"Belum Menikah","PNS","Tidak"
"198",3748728.63837506,42.2640864114574,"Cerai","Wiraswasta","Tidak"
"199",4388834.08331958,30.9675867214848,"Belum Menikah","Wiraswasta","Tidak"
"200",3814519.91540269,36.8645579760437,"Belum Menikah","Wiraswasta","Tidak"
"201",7198810.34888372,38.0992503728435,"Menikah","Pelajar","Tidak"
"202",6312412.97643351,31.2124491965208,"Menikah","PNS","Ya"
"203",4734854.94330365,39.2576234075309,"Belum Menikah","PNS","Tidak"
"204",5543194.05923209,31.2603501454185,"Belum Menikah","PNS","Tidak"
"205",4585660.05208114,38.1511991482699,"Belum Menikah","PNS","Tidak"
"206",4523753.10538442,40.4833081655178,"Belum Menikah","Swasta","Tidak"
"207",4211397.16214976,30.057785388084,"Menikah","Wiraswasta","Tidak"
"208",4405382.73254049,40.539975204898,"Cerai","Wiraswasta","Tidak"
"209",6650907.46733669,32.5523356439379,"Belum Menikah","PNS","Tidak"
"210",4945971.87491456,36.4717669421848,"Menikah","Wiraswasta","Tidak"
"211",5119245.23642758,36.0091873614438,"Menikah","Pelajar","Tidak"
"212",5243687.42959909,32.864018068309,"Cerai","PNS","Tidak"
"213",6232475.87848534,36.3405143499889,"Menikah","Wiraswasta","Ya"
"214",4483936.16905522,28.8478453728808,"Belum Menikah","Swasta","Tidak"
"215",4007492.84960796,34.3193156390752,"Menikah","PNS","Tidak"
"216",6675696.93240319,39.1289541583259,"Belum Menikah","Swasta","Tidak"
"217",4558836.78309471,24.1293767538534,"Belum Menikah","Swasta","Tidak"
"218",4276934.03006013,27.5603690632087,"Menikah","Wiraswasta","Tidak"
"219",3763726.88111671,29.1903122120151,"Belum Menikah","Swasta","Tidak"
"220",3715284.2776822,27.0545515292728,"Menikah","Wiraswasta","Tidak"
"221",4426026.52070201,37.0979151964818,"Menikah","PNS","Tidak"
"222",5617985.81716653,30.0353582512199,"Menikah","Swasta","Tidak"
"223",6109848.13892972,24.1772645733551,"Menikah","Swasta","Tidak"
"224",5707588.35383559,31.8121561745978,"Menikah","Wiraswasta","Tidak"
"225",4636342.70290475,33.046823742626,"Menikah","PNS","Tidak"
"226",5059749.9373846,39.2839273688906,"Menikah","Swasta","Tidak"
"227",4295403.53631993,29.4812393200059,"Belum Menikah","PNS","Tidak"
"228",4282781.83842599,40.8064462786935,"Menikah","Wiraswasta","Tidak"
"229",5884650.49897692,36.991813578143,"Cerai","Swasta","Tidak"
"230",3984407.42139646,36.8117607881777,"Menikah","PNS","Tidak"
"231",6955293.96549246,30.7373716484275,"Menikah","Wiraswasta","Ya"
"232",4909680.40603415,44.7683393994902,"Belum Menikah","Swasta","Tidak"
"233",5214538.82662922,34.1786458395142,"Menikah","Pelajar","Tidak"
"234",4261472.29526043,25.8755120791083,"Cerai","PNS","Tidak"
"235",4425611.31023673,33.9807176430375,"Belum Menikah","PNS","Tidak"
"236",3682983.86769476,25.3277796463397,"Menikah","PNS","Tidak"
"237",4817074.61162727,33.4474494210666,"Menikah","Wiraswasta","Tidak"
"238",5418982.40492446,32.8888649840519,"Menikah","Swasta","Tidak"
"239",5324304.34416138,38.409148452017,"Belum Menikah","PNS","Tidak"
"240",4218463.51294525,40.0474809286875,"Menikah","PNS","Tidak"
"241",4211378.029146,31.3694751754942,"Menikah","Wiraswasta","Tidak"
"242",4497801.28165714,39.0305443418751,"Cerai","PNS","Tidak"
"243",6496060.66984635,42.1216155483438,"Menikah","Swasta","Ya"
"244",3862696.37933426,31.0792799757868,"Menikah","Swasta","Tidak"
"245",4820948.4056198,31.7379781675033,"Belum Menikah","Pelajar","Tidak"
"246",6902361.82167893,38.2538918157684,"Menikah","Swasta","Ya"
"247",4899025.11467119,35.9152398497197,"Cerai","PNS","Tidak"
"248",3640159.29617861,37.7438748022214,"Menikah","Swasta","Tidak"
"249",4335230.56472594,42.0234214727378,"Cerai","Swasta","Tidak"
"250",5485459.97890488,36.935415597882,"Cerai","Swasta","Tidak"
"251",4624397.12833023,40.2585063508769,"Cerai","Swasta","Tidak"
"252",4438123.63645022,38.114527311686,"Menikah","Swasta","Tidak"
"253",4656082.76587154,37.1681019490443,"Menikah","Wiraswasta","Tidak"
"254",5090496.64713922,36.9304221909221,"Cerai","PNS","Tidak"
"255",6598508.77114583,41.4566165222904,"Menikah","Swasta","Ya"
"256",4911434.88786112,29.9887006314467,"Cerai","Wiraswasta","Tidak"
"257",6080799.49615152,29.4740863542125,"Belum Menikah","Wiraswasta","Tidak"
"258",5630754.11565057,37.959730016986,"Belum Menikah","Swasta","Tidak"
"259",4886360.10449386,34.4015516793344,"Belum Menikah","PNS","Tidak"
"260",3467097.9971094,35.3700260584248,"Menikah","Swasta","Tidak"
"261",4478882.68244748,38.706386885857,"Menikah","PNS","Tidak"
"262",4510129.54686153,38.7664752392454,"Menikah","PNS","Tidak"
"263",5047154.43276153,33.6866474831911,"Menikah","Swasta","Tidak"
"264",6300198.67766682,33.4372806550145,"Belum Menikah","PNS","Tidak"
"265",7293078.97383109,35.3679930450393,"Menikah","PNS","Ya"
"266",6547581.05898377,40.3150889464737,"Cerai","PNS","Tidak"
"267",4866849.03567106,37.130102433395,"Cerai","PNS","Tidak"
"268",3243472.60444236,42.165037554116,"Menikah","PNS","Tidak"
"269",4611220.13592826,34.9618156479001,"Menikah","Wiraswasta","Tidak"
"270",5089207.22307329,40.6283380261038,"Cerai","PNS","Tidak"
"271",5845013.00406744,39.4150115550862,"Menikah","Pelajar","Tidak"
"272",5962527.96848427,38.0604173045004,"Cerai","Swasta","Tidak"
"273",5684309.42941646,37.0735035338923,"Belum Menikah","Wiraswasta","Tidak"
"274",3604725.65020053,33.6005880142874,"Menikah","PNS","Tidak"
"275",5849643.04563336,34.4548124541538,"Menikah","PNS","Tidak"
"276",4553442.78357278,36.1469774785423,"Menikah","PNS","Tidak"
"277",5174802.70016126,35.2444444533964,"Belum Menikah","Swasta","Tidak"
"278",5074551.17717373,39.7161223419311,"Menikah","PNS","Tidak"
"279",5428166.76497051,34.4534143840678,"Menikah","Swasta","Tidak"
"280",5024674.98282614,34.6481153920609,"Menikah","PNS","Tidak"
"281",3332524.90241434,32.5784045621717,"Cerai","PNS","Tidak"
"282",5736495.96477344,34.3083183572834,"Belum Menikah","PNS","Tidak"
"283",5386026.56834968,34.6561717884808,"Menikah","Swasta","Tidak"
"284",4734348.37472178,23.4313211305029,"Belum Menikah","Swasta","Tidak"
"285",5118144.51104668,28.1758415139284,"Menikah","PNS","Tidak"
"286",5134038.64536846,34.6375654502402,"Belum Menikah","Swasta","Tidak"
"287",5221019.468561,33.6735811256775,"Menikah","PNS","Tidak"
"288",6640846.16597749,28.9956533589628,"Belum Menikah","PNS","Tidak"
"289",4780949.62106652,25.0423091197849,"Belum Menikah","Wiraswasta","Tidak"
"290",5168065.38388466,33.2281539004329,"Belum Menikah","Swasta","Tidak"
"291",6168383.87306909,38.2674788284714,"Menikah","PNS","Ya"
"292",6054181.02337692,43.8661931596378,"Menikah","Wiraswasta","Ya"
"293",6145263.11038036,34.8077160314533,"Menikah","Swasta","Ya"
"294",4422531.99894044,42.4659242031386,"Menikah","PNS","Tidak"
"295",7002482.73029283,35.4151107881798,"Belum Menikah","PNS","Tidak"
"296",5066700.87093018,35.5776605212978,"Menikah","Pelajar","Tidak"
"297",6866851.84470686,36.6241265667437,"Menikah","Swasta","Ya"
"298",3649097.31396929,30.6471137736954,"Belum Menikah","Swasta","Tidak"
"299",5020983.58635424,34.7414089355256,"Menikah","Swasta","Tidak"
"300",6249914.57096922,39.5422384939612,"Belum Menikah","Wiraswasta","Tidak"
"301",4284757.8127772,31.2513710657391,"Belum Menikah","Swasta","Tidak"
"302",4247311.03178226,33.3919696505602,"Cerai","Wiraswasta","Tidak"
"303",4061461.29639311,29.2611462477037,"Cerai","PNS","Tidak"
"304",3947486.72066126,36.7717609822468,"Cerai","PNS","Tidak"
"305",4562840.4668196,37.1239989119451,"Belum Menikah","Wiraswasta","Tidak"
"306",5331179.17295898,38.2417367561204,"Belum Menikah","PNS","Tidak"
"307",2985789.50207928,28.9009498424155,"Cerai","Pelajar","Tidak"
"308",5211980.43337229,35.5361751737738,"Menikah","PNS","Tidak"
"309",6236675.04641657,30.2797115417508,"Belum Menikah","Swasta","Tidak"
"310",7037574.01824044,34.9980767564199,"Menikah","Swasta","Ya"
"311",6301175.99220059,41.7131196000304,"Menikah","Swasta","Ya"
"312",5756774.76379596,32.4823735653286,"Belum Menikah","Swasta","Tidak"
"313",3273269.60088567,38.5834166046941,"Menikah","Swasta","Tidak"
"314",4398493.29199322,31.2516570795815,"Menikah","PNS","Tidak"
"315",4647953.54341738,32.6073589477485,"Menikah","Swasta","Tidak"
"316",5703523.90275689,37.1936087529331,"Cerai","PNS","Tidak"
"317",4894328.66599623,31.6044386477107,"Menikah","Swasta","Tidak"
"318",3741351.37193983,26.4851758242728,"Belum Menikah","Swasta","Tidak"
"319",6684435.70809411,41.3258421760667,"Belum Menikah","Swasta","Tidak"
"320",5911391.29179596,36.8017861893992,"Menikah","PNS","Tidak"
"321",5237430.27249103,32.0818027971996,"Menikah","Wiraswasta","Tidak"
"322",6218108.61032581,25.029606063347,"Menikah","Wiraswasta","Ya"
"323",3661225.71276503,44.5110488569965,"Belum Menikah","PNS","Tidak"
"324",5660820.2977898,51.9518541063577,"Belum Menikah","Swasta","Tidak"
"325",4477087.62368658,36.0374020367773,"Menikah","Wiraswasta","Tidak"
"326",5683745.52185071,39.249033237556,"Menikah","Swasta","Tidak"
"327",4939178.04533993,41.1228015603708,"Menikah","Swasta","Tidak"
"328",5632960.71303145,31.490977832307,"Belum Menikah","Swasta","Tidak"
"329",6335517.61505939,33.2440188522173,"Belum Menikah","PNS","Tidak"
"330",5007290.0903169,26.364394816774,"Menikah","PNS","Tidak"
"331",6017558.63695209,31.3171088386406,"Menikah","Swasta","Ya"
"332",3811565.96485202,38.1120489144306,"Cerai","Swasta","Tidak"
"333",4278395.55956399,33.5464200537957,"Belum Menikah","Swasta","Tidak"
"334",6519217.71138818,33.9289423290846,"Belum Menikah","Swasta","Tidak"
"335",5377387.97302393,34.4372022424874,"Menikah","Wiraswasta","Tidak"
"336",2947777.17956627,25.681665087522,"Menikah","Swasta","Tidak"
"337",3635962.54791762,39.1881496711583,"Belum Menikah","Swasta","Tidak"
"338",4799218.98441088,27.7825355553229,"Menikah","PNS","Tidak"
"339",5865779.40433449,33.9571491879218,"Menikah","PNS","Tidak"
"340",4898116.74428478,32.8071826897058,"Menikah","PNS","Tidak"
"341",5624187.47202065,33.907030915719,"Menikah","Swasta","Tidak"
"342",5959005.37778783,42.2998297236789,"Cerai","Swasta","Tidak"
"343",6671054.82886294,32.0897004104232,"Menikah","PNS","Ya"
"344",5056016.73327496,31.0845120214405,"Menikah","PNS","Tidak"
"345",4948018.0938191,27.4017300252808,"Menikah","PNS","Tidak"
"346",3246762.64085773,30.9715095919438,"Belum Menikah","PNS","Tidak"
"347",5099327.59408783,29.1690764631613,"Menikah","PNS","Tidak"
"348",4428149.94210444,37.0397309812415,"Belum Menikah","Swasta","Tidak"
"349",4025990.41719591,30.6849787699606,"Menikah","PNS","Tidak"
"350",4820093.76895246,36.5202101751407,"Menikah","PNS","Tidak"
"351",6014943.17274366,34.2678625607604,"Menikah","Wiraswasta","Ya"
"352",3007251.51131142,27.832189100446,"Menikah","PNS","Tidak"
"353",4572720.71279457,31.0469610713865,"Menikah","PNS","Tidak"
"354",5116637.28358271,39.4255622752884,"Cerai","PNS","Tidak"
"355",4106792.42994505,39.5153804297728,"Belum Menikah","PNS","Tidak"
"356",5333902.94249923,45.0278663715031,"Menikah","Wiraswasta","Tidak"
"357",5411429.92061573,34.9820984580011,"Cerai","Swasta","Tidak"
"358",4966963.84072401,27.5208659300893,"Menikah","PNS","Tidak"
"359",2534101.80623997,31.1579148649242,"Belum Menikah","Wiraswasta","Tidak"
"360",7571458.14586664,37.0424425242007,"Cerai","Pelajar","Tidak"
"361",4794700.7425318,44.5006816744736,"Cerai","PNS","Tidak"
"362",5651193.28158767,35.5500456171986,"Menikah","Wiraswasta","Tidak"
"363",5273766.49103655,40.7019341256423,"Menikah","PNS","Tidak"
"364",6024673.23481835,38.8404065234613,"Belum Menikah","Wiraswasta","Tidak"
"365",5817659.44637409,29.1595418894133,"Menikah","PNS","Tidak"
"366",4790206.82877149,34.1444367386757,"Cerai","Wiraswasta","Tidak"
"367",5378167.77220851,41.5263076817384,"Cerai","PNS","Tidak"
"368",4054591.16887611,39.3804805479796,"Belum Menikah","Wiraswasta","Tidak"
"369",5856923.01089932,37.318980707839,"Belum Menikah","Wiraswasta","Tidak"
"370",4538961.66111565,37.3855712268844,"Cerai","Wiraswasta","Tidak"
"371",7416773.35378821,32.542973498953,"Menikah","PNS","Ya"
"372",3348951.10431181,28.403073433279,"Menikah","PNS","Tidak"
"373",4536012.75703399,41.4771289541565,"Menikah","PNS","Tidak"
"374",5825379.86275924,27.8989025416654,"Cerai","PNS","Tidak"
"375",5510132.54687866,30.3055204014709,"Cerai","PNS","Tidak"
"376",4410518.961485,38.1448249625992,"Cerai","Wiraswasta","Tidak"
"377",4003219.25779248,28.689027253052,"Menikah","PNS","Tidak"
"378",5144475.7047107,32.240647933636,"Menikah","Wiraswasta","Tidak"
"379",4985692.58683309,29.0860024660876,"Belum Menikah","Swasta","Tidak"
"380",3209718.76273594,38.1033177886448,"Belum Menikah","Wiraswasta","Tidak"
"381",5034551.06713385,37.2315650831905,"Belum Menikah","Pelajar","Tidak"
"382",5190230.31569246,37.1094234663684,"Menikah","Swasta","Tidak"
"383",5174726.39698184,37.2123238607282,"Menikah","Pelajar","Tidak"
"384",3944982.95739732,37.7862287318947,"Menikah","PNS","Tidak"
"385",5476133.27830263,38.1967824598526,"Menikah","PNS","Tidak"
"386",6378570.13695924,25.1566922166289,"Belum Menikah","Pelajar","Tidak"
"387",5456236.40317981,34.2559181932007,"Belum Menikah","PNS","Tidak"
"388",3864411.52962566,35.5623190627595,"Menikah","Wiraswasta","Tidak"
"389",4564354.5303081,38.6233810132388,"Belum Menikah","PNS","Tidak"
"390",5346103.61955361,29.0625696199736,"Belum Menikah","Swasta","Tidak"
"391",4352954.36868173,32.5019990509204,"Cerai","Wiraswasta","Tidak"
"392",2842353.66498472,29.6317850462442,"Cerai","PNS","Tidak"
"393",5884250.82002821,40.2862010635484,"Menikah","PNS","Tidak"
"394",4170522.38837548,41.3953629160467,"Belum Menikah","Swasta","Tidak"
"395",4426439.72923172,38.9383836267962,"Menikah","Swasta","Tidak"
"396",6503900.60900453,28.887983087115,"Menikah","Swasta","Ya"
"397",4225855.0703946,37.2597605836833,"Belum Menikah","PNS","Tidak"
"398",5845731.5401893,40.7522459319046,"Cerai","Swasta","Tidak"
"399",3739317.12118122,35.8397049036823,"Belum Menikah","PNS","Tidak"
"400",4645457.59692602,32.1694533355202,"Belum Menikah","PNS","Tidak"
"401",4926443.98086352,29.5694087969433,"Cerai","PNS","Tidak"
"402",3831348.57557564,31.6734860221992,"Cerai","Swasta","Tidak"
"403",4365251.73509109,38.5742417797467,"Menikah","Swasta","Tidak"
"404",4971158.44707169,32.8416944980904,"Menikah","Pelajar","Tidak"
"405",5670695.96873393,36.1380746997004,"Menikah","PNS","Tidak"
"406",3349453.45657489,41.4747289783515,"Belum Menikah","Swasta","Tidak"
"407",4650245.76078873,37.8916747023473,"Cerai","Swasta","Tidak"
"408",5756406.43854548,41.8233639073677,"Belum Menikah","PNS","Tidak"
"409",4461190.84002241,26.492100986698,"Cerai","PNS","Tidak"
"410",5227291.92167294,33.596618601431,"Belum Menikah","Swasta","Tidak"
"411",5492228.57006443,35.325340097461,"Menikah","Swasta","Tidak"
"412",5267835.01533168,37.8929464580426,"Menikah","Wiraswasta","Tidak"
"413",5653257.67947138,29.1539668923552,"Belum Menikah","Swasta","Tidak"
"414",4877291.33902262,39.0309242772364,"Menikah","Swasta","Tidak"
"415",4586323.48640788,36.5369503808117,"Menikah","PNS","Tidak"
"416",2356851.04797102,36.3190300680236,"Cerai","PNS","Tidak"
"417",4907058.98152053,37.5424239580252,"Menikah","PNS","Tidak"
"418",5430284.69635999,34.418207800615,"Menikah","PNS","Tidak"
"419",5535398.84086815,39.6277304924956,"Belum Menikah","PNS","Tidak"
"420",4444721.64868675,38.2411488686574,"Belum Menikah","Pelajar","Tidak"
"421",6779502.90977515,34.2489531291615,"Belum Menikah","PNS","Tidak"
"422",5286424.41962883,40.2018850967035,"Belum Menikah","Wiraswasta","Tidak"
"423",5126315.85845889,36.4627934247309,"Belum Menikah","PNS","Tidak"
"424",6272266.77946852,38.3437569971973,"Belum Menikah","PNS","Tidak"
"425",4281533.77868074,32.0291117918789,"Menikah","PNS","Tidak"
"426",4549661.37607529,42.9021591849296,"Cerai","Wiraswasta","Tidak"
"427",7397452.48004976,34.9800552782501,"Cerai","Swasta","Tidak"
"428",5011129.18722089,39.2392138444674,"Menikah","PNS","Tidak"
"429",6633568.42140831,34.4994173705365,"Belum Menikah","Swasta","Tidak"
"430",3561493.35508548,33.601850465097,"Menikah","PNS","Tidak"
"431",4809483.1979571,38.9221912264,"Menikah","Swasta","Tidak"
"432",5378423.90363683,27.0769167770441,"Menikah","Wiraswasta","Tidak"
"433",5300038.5452058,37.3918307389701,"Belum Menikah","Pelajar","Tidak"
"434",3994363.74048916,36.9678318649741,"Menikah","Swasta","Tidak"
"435",5019259.27462537,21.5233531543774,"Menikah","Swasta","Tidak"
"436",3922579.34688802,36.8418866426663,"Belum Menikah","Swasta","Tidak"
"437",5712703.32524428,24.157911263265,"Menikah","Pelajar","Tidak"
"438",6084775.08986065,38.2990218844636,"Menikah","Pelajar","Tidak"
"439",2775012.30351259,32.730431333094,"Cerai","PNS","Tidak"
"440",6235693.46230014,31.5253158738255,"Belum Menikah","PNS","Tidak"
"441",3758955.50319151,34.9657684841367,"Menikah","Pelajar","Tidak"
"442",5454769.26898263,41.86526022492,"Menikah","PNS","Tidak"
"443",5659902.63814261,31.8233846139105,"Cerai","Wiraswasta","Tidak"
"444",4800110.17189857,37.7905164697439,"Belum Menikah","Wiraswasta","Tidak"
"445",4354886.04314021,36.7057893421094,"Menikah","PNS","Tidak"
"446",5165321.02124205,29.1024068542922,"Menikah","Wiraswasta","Tidak"
"447",5438818.70071445,26.2948899133302,"Menikah","Swasta","Tidak"
"448",5883302.8199487,25.0370711438043,"Menikah","PNS","Tidak"
"449",2947663.01609805,37.7563710573394,"Menikah","PNS","Tidak"
"450",3363620.73194098,34.8262896923435,"Belum Menikah","Swasta","Tidak"
"451",6430402.34118818,44.2528585180531,"Belum Menikah","Wiraswasta","Tidak"
"452",6046628.84711155,37.8683755413152,"Menikah","PNS","Ya"
"453",5435288.94890768,39.248479455413,"Cerai","PNS","Tidak"
"454",5715178.40711106,41.6719179266748,"Belum Menikah","Pelajar","Tidak"
"455",5917174.917641,32.4964045101751,"Menikah","Swasta","Tidak"
"456",2339077.20153432,37.5504896411424,"Belum Menikah","Swasta","Tidak"
"457",6110277.09663882,39.3439663512208,"Belum Menikah","PNS","Tidak"
"458",4515012.40343767,41.8467584400151,"Menikah","PNS","Tidak"
"459",5230616.8306312,38.8132557316318,"Menikah","PNS","Tidak"
"460",4704842.19911642,37.1057358651867,"Menikah","Swasta","Tidak"
"461",5871964.95407874,30.6588797636439,"Menikah","Pelajar","Tidak"
"462",4651527.55104439,38.6478018047885,"Belum Menikah","Swasta","Tidak"
"463",5518503.76588825,37.5013293620914,"Menikah","Wiraswasta","Tidak"
"464",4609315.02136102,38.1712512685346,"Menikah","PNS","Tidak"
"465",3907212.79089849,37.1182252278613,"Cerai","Wiraswasta","Tidak"
"466",6210010.51044026,33.99080977645,"Cerai","PNS","Tidak"
"467",5740900.01127427,34.6156705078299,"Cerai","Swasta","Tidak"
"468",6724262.23915645,38.4368205664076,"Belum Menikah","PNS","Tidak"
"469",5065153.9325793,35.8581575346227,"Belum Menikah","Wiraswasta","Tidak"
"470",6125002.74582817,30.8494571283651,"Belum Menikah","Pelajar","Tidak"
"471",6975419.05401908,33.5492044009717,"Cerai","Wiraswasta","Tidak"
"472",4718517.88496103,28.4043713791175,"Belum Menikah","PNS","Tidak"
"473",3677048.88724478,30.1648404866554,"Menikah","Pelajar","Tidak"
"474",4760648.43286188,34.2769446493224,"Menikah","PNS","Tidak"
"475",4785958.76001462,26.0093372181254,"Belum Menikah","Wiraswasta","Tidak"
"476",5151680.50450932,26.5572876270421,"Menikah","Swasta","Tidak"
"477",6712304.97731928,40.5128259971804,"Belum Menikah","Swasta","Tidak"
"478",4673856.10749465,32.1169053789428,"Menikah","Wiraswasta","Tidak"
"479",5373004.65580492,25.7415413522426,"Menikah","Swasta","Tidak"
"480",4772315.93510447,34.4356838028551,"Menikah","Swasta","Tidak"
"481",5020450.70852503,41.6053463361076,"Menikah","PNS","Tidak"
"482",5314057.66350626,38.3112714846732,"Menikah","Swasta","Tidak"
"483",6328214.69603699,37.2069159917682,"Belum Menikah","PNS","Tidak"
"484",5121318.37749078,40.9187295613992,"Cerai","Wiraswasta","Tidak"
"485",5712842.32003111,31.1424927944955,"Belum Menikah","Swasta","Tidak"
"486",5778860.02978353,38.6484459567602,"Menikah","Swasta","Tidak"
"487",5914773.27085563,32.0645719211057,"Menikah","Wiraswasta","Tidak"
"488",4425605.44781562,35.0038209318126,"Belum Menikah","Swasta","Tidak"
"489",6626881.21419468,46.0723265967006,"Menikah","PNS","Ya"
"490",4619043.26070599,39.8471719785463,"Belum Menikah","Swasta","Tidak"
"491",4894215.83235025,38.8400385685861,"Menikah","PNS","Tidak"
"492",6404050.26771417,29.4583604409092,"Menikah","Pelajar","Tidak"
"493",6294083.90614558,31.0688204000264,"Belum Menikah","Swasta","Tidak"
"494",3910008.12758876,46.420582401308,"Menikah","Swasta","Tidak"
"495",4126928.99958254,29.5334961801334,"Menikah","PNS","Tidak"
"496",3641920.94062939,36.0723968764254,"Menikah","PNS","Tidak"
"497",5181847.19261983,39.4628552981854,"Belum Menikah","Pelajar","Tidak"
"498",5164840.86791847,40.0937898617113,"Belum Menikah","Swasta","Tidak"
"499",5364114.68735506,40.4455600545962,"Menikah","Swasta","Tidak"
"500",5552157.71421856,34.1843550505739,"Menikah","Swasta","Tidak"
"501",4398107.15401498,30.8950665144,"Menikah","PNS","Tidak"
"502",4006301.40890129,33.4637138350568,"Menikah","Swasta","Tidak"
"503",6026785.0560749,30.4895099573027,"Menikah","PNS","Ya"
"504",5751061.30260632,38.1353437155749,"Belum Menikah","PNS","Tidak"
"505",3490833.4626713,40.6017751421305,"Menikah","Wiraswasta","Tidak"
"506",4904852.54915071,45.6360677624676,"Menikah","Swasta","Tidak"
"507",4104052.1772435,36.8305719146586,"Menikah","Pelajar","Tidak"
"508",2929248.92945804,30.6260931140316,"Menikah","PNS","Tidak"
"509",5150120.13118814,40.1223743149661,"Belum Menikah","Swasta","Tidak"
"510",4920788.29074141,39.5237944684766,"Belum Menikah","Swasta","Tidak"
"511",4902630.73248692,33.8087565204859,"Cerai","Swasta","Tidak"
"512",5216152.54180123,27.2107254806384,"Menikah","Swasta","Tidak"
"513",5882465.16439659,38.8065494769696,"Menikah","PNS","Tidak"
"514",5205597.50448339,40.6457219782081,"Belum Menikah","Wiraswasta","Tidak"
"515",4383564.15712647,33.5244608464703,"Menikah","Pelajar","Tidak"
"516",4265200.74807872,37.6812140917901,"Menikah","PNS","Tidak"
"517",4868197.20695882,33.6205476262474,"Menikah","Wiraswasta","Tidak"
"518",5310016.98657895,38.4115762256876,"Menikah","Pelajar","Tidak"
"519",3960319.64729796,34.4135464264258,"Belum Menikah","PNS","Tidak"
"520",4815691.13115762,33.2766206803997,"Belum Menikah","Swasta","Tidak"
"521",5967267.26016791,35.558102490986,"Menikah","PNS","Tidak"
"522",4891719.90876551,33.5829734250885,"Cerai","Swasta","Tidak"
"523",4301579.33240561,32.0449141777286,"Menikah","Swasta","Tidak"
"524",4724054.83157446,33.420315343788,"Belum Menikah","Wiraswasta","Tidak"
"525",6114648.54536198,34.9592392383723,"Menikah","PNS","Ya"
"526",5550043.96121414,36.0374757035924,"Menikah","Wiraswasta","Tidak"
"527",6236675.8000816,42.6621181081292,"Menikah","PNS","Ya"
"528",5139097.85716177,28.2100108452326,"Cerai","Swasta","Tidak"
"529",5410275.09649043,34.0019047472353,"Belum Menikah","PNS","Tidak"
"530",4441543.08765187,38.1576156389041,"Menikah","Wiraswasta","Tidak"
"531",5605370.66893033,43.8101045172143,"Belum Menikah","Swasta","Tidak"
"532",4493666.45781076,37.1300718130775,"Belum Menikah","Swasta","Tidak"
"533",3579434.49530426,34.931232917623,"Belum Menikah","Swasta","Tidak"
"534",5127992.96568413,33.4622154520182,"Cerai","Pelajar","Tidak"
"535",6945851.21773143,37.0715408205415,"Menikah","Wiraswasta","Ya"
"536",5800914.33957306,39.945289600982,"Menikah","Pelajar","Tidak"
"537",6165253.38994626,34.0807084472697,"Menikah","Swasta","Ya"
"538",5358855.72309315,35.8188070342328,"Menikah","Swasta","Tidak"
"539",4391442.82168378,36.0846817207219,"Belum Menikah","Pelajar","Tidak"
"540",4797759.14488972,38.6463881710483,"Belum Menikah","Swasta","Tidak"
"541",4726751.89318808,40.5569020351234,"Menikah","PNS","Tidak"
"542",4531300.22021791,36.3958040846982,"Menikah","PNS","Tidak"
"543",5704167.28392972,34.6191466422641,"Menikah","PNS","Tidak"
"544",3802636.49763459,41.9733156610429,"Menikah","Swasta","Tidak"
"545",5866366.13211277,35.8226705880279,"Cerai","Swasta","Tidak"
"546",5864152.48622589,42.8892598939674,"Belum Menikah","PNS","Tidak"
"547",3801377.64093125,34.6903867119022,"Menikah","Wiraswasta","Tidak"
"548",5639491.99790053,38.0696148209684,"Belum Menikah","PNS","Tidak"
"549",7430226.65234451,27.2695570287738,"Cerai","PNS","Tidak"
"550",4442784.51805839,34.438040193313,"Menikah","PNS","Tidak"
"551",5844904.24140807,34.8910273001956,"Menikah","Pelajar","Tidak"
"552",4217798.1543806,31.2082729129173,"Belum Menikah","Swasta","Tidak"
"553",6110711.4182028,29.8205355778885,"Menikah","Wiraswasta","Ya"
"554",5249824.71992656,39.7407965127591,"Menikah","Swasta","Tidak"
"555",6651915.39162316,39.5707936696386,"Menikah","Wiraswasta","Ya"
"556",3541029.27146308,28.5063400257677,"Menikah","PNS","Tidak"
"557",4948702.11387464,37.1218939746717,"Belum Menikah","Swasta","Tidak"
"558",4473074.8238744,29.4372734002246,"Belum Menikah","Wiraswasta","Tidak"
"559",4802735.1309237,29.7446338690922,"Menikah","PNS","Tidak"
"560",4370421.257314,37.6270622413318,"Menikah","PNS","Tidak"
"561",4166156.419465,31.5698799995347,"Menikah","Swasta","Tidak"
"562",5578722.37461645,39.9673999106111,"Menikah","Wiraswasta","Tidak"
"563",3912419.28592307,35.1926179953767,"Menikah","Swasta","Tidak"
"564",6484030.93155628,37.6807448789286,"Menikah","Swasta","Ya"
"565",3813793.41468625,32.3818665105692,"Menikah","Wiraswasta","Tidak"
"566",5101079.15139528,29.243893325282,"Cerai","PNS","Tidak"
"567",5532989.28682648,39.5737612050138,"Menikah","PNS","Tidak"
"568",5586735.33909263,36.1903574578136,"Cerai","PNS","Tidak"
"569",4698253.33613362,33.8046612027265,"Belum Menikah","PNS","Tidak"
"570",5079501.9953284,35.3461766327287,"Cerai","Swasta","Tidak"
"571",5961264.15180968,41.6295417129962,"Menikah","Pelajar","Tidak"
"572",3543534.08292357,31.5091668268996,"Cerai","Wiraswasta","Tidak"
"573",4218260.28846792,31.2529577776841,"Belum Menikah","Swasta","Tidak"
"574",5320402.31431661,31.9019247364632,"Menikah","Swasta","Tidak"
"575",4555218.02166301,27.0750436589507,"Belum Menikah","PNS","Tidak"
"576",6370003.993971,39.0981406875187,"Cerai","Pelajar","Tidak"
"577",5673253.86335484,35.9618482337212,"Belum Menikah","Wiraswasta","Tidak"
"578",5072166.75241476,36.0358598710896,"Belum Menikah","Pelajar","Tidak"
"579",3492242.68246332,34.7832632282616,"Belum Menikah","Swasta","Tidak"
"580",5026100.22532624,32.4491977928795,"Menikah","Wiraswasta","Tidak"
"581",4683584.13180301,30.8829069311189,"Menikah","Wiraswasta","Tidak"
"582",4897653.4864794,39.2592820164634,"Menikah","Swasta","Tidak"
"583",3818440.77294431,27.8690766353992,"Belum Menikah","Swasta","Tidak"
"584",5498658.04382992,37.2014947098271,"Cerai","Wiraswasta","Tidak"
"585",3961043.55969297,31.0369417462116,"Cerai","Swasta","Tidak"
"586",4773778.01855759,36.4115510727273,"Belum Menikah","PNS","Tidak"
"587",5381425.82945135,31.2965473890492,"Menikah","Swasta","Tidak"
"588",4216484.21098695,32.3832915865799,"Belum Menikah","Swasta","Tidak"
"589",5582991.40568006,43.8468295851351,"Belum Menikah","Swasta","Tidak"
"590",3683489.59834831,38.3414130946676,"Cerai","Pelajar","Tidak"
"591",2190225.32103946,24.2755148786217,"Belum Menikah","PNS","Tidak"
"592",5464967.99078585,35.6320620805016,"Menikah","PNS","Tidak"
"593",5840539.826961,32.7409353187139,"Belum Menikah","PNS","Tidak"
"594",4714154.57640862,29.3168690611117,"Cerai","Swasta","Tidak"
"595",5504126.25459161,36.048929452156,"Menikah","Swasta","Tidak"
"596",3844083.47491633,35.6498275800968,"Menikah","PNS","Tidak"
"597",4872851.39317434,33.3574671371596,"Menikah","Swasta","Tidak"
"598",3058481.62395938,44.8635178366873,"Menikah","PNS","Tidak"
"599",6181180.89143852,23.7565496659172,"Belum Menikah","PNS","Tidak"
"600",6859910.86154316,39.1910969363925,"Belum Menikah","PNS","Tidak"
"601",6074012.26028199,33.5548836476871,"Belum Menikah","Swasta","Tidak"
"602",4972653.03358626,38.2825670528969,"Cerai","PNS","Tidak"
"603",4966669.65772408,32.7300114968066,"Menikah","PNS","Tidak"
"604",3483932.3768489,32.0306771877745,"Menikah","PNS","Tidak"
"605",5790385.34388823,26.4481016680269,"Belum Menikah","PNS","Tidak"
"606",4789265.81930822,33.9527578586363,"Menikah","Swasta","Tidak"
"607",4343257.07463892,47.3937290067854,"Belum Menikah","Pelajar","Tidak"
"608",3587974.20734169,39.9485110406468,"Belum Menikah","Wiraswasta","Tidak"
"609",4700237.50335373,43.3778607791341,"Menikah","Swasta","Tidak"
"610",4150938.86498329,39.5748265915702,"Menikah","Swasta","Tidak"
"611",4602969.47967216,40.7213135398093,"Cerai","PNS","Tidak"
"612",3782400.0122364,39.5143820724955,"Menikah","Swasta","Tidak"
"613",6687589.4829457,37.3769621588255,"Cerai","PNS","Tidak"
"614",4983997.47279203,32.087356130015,"Belum Menikah","PNS","Tidak"
"615",6074945.07727239,32.3353263133826,"Cerai","Wiraswasta","Tidak"
"616",2398300.32974235,26.9958000181236,"Belum Menikah","Wiraswasta","Tidak"
"617",4546802.17000516,34.9709114306,"Menikah","Swasta","Tidak"
"618",4324517.70840793,39.4967783792836,"Menikah","Swasta","Tidak"
"619",3777073.82063409,40.1596127826304,"Menikah","Swasta","Tidak"
"620",6546609.1542241,35.4756635222771,"Cerai","Wiraswasta","Tidak"
"621",3584718.08023051,32.2618619138904,"Belum Menikah","PNS","Tidak"
"622",5318390.26040803,51.4525872165927,"Menikah","PNS","Tidak"
"623",5846436.28557969,38.6834276562521,"Cerai","PNS","Tidak"
"624",5178190.18841802,42.1028765243957,"Belum Menikah","PNS","Tidak"
"625",4124744.52250448,33.3115967966634,"Belum Menikah","Wiraswasta","Tidak"
"626",5941165.80672417,34.810211864727,"Belum Menikah","Wiraswasta","Tidak"
"627",5170588.08184084,37.2430354885336,"Menikah","Swasta","Tidak"
"628",3936502.09361796,43.3826115597415,"Cerai","PNS","Tidak"
"629",3611950.95239794,33.4426272727194,"Menikah","Pelajar","Tidak"
"630",7086717.43449315,39.2680783339153,"Cerai","PNS","Tidak"
"631",4321496.85458156,24.5259268283989,"Belum Menikah","PNS","Tidak"
"632",3144428.34608196,32.4637278295918,"Belum Menikah","Wiraswasta","Tidak"
"633",5533259.36275365,28.5399546161834,"Belum Menikah","Swasta","Tidak"
"634",5310230.2560609,40.5668135867855,"Menikah","Swasta","Tidak"
"635",3646165.6642774,34.1777345585987,"Cerai","Swasta","Tidak"
"636",3057043.58641805,33.0481295899663,"Cerai","PNS","Tidak"
"637",4883697.4828414,41.8454992309929,"Belum Menikah","PNS","Tidak"
"638",6139396.29170942,40.5813642912001,"Menikah","Wiraswasta","Ya"
"639",5636124.03518215,30.5098939826625,"Menikah","Wiraswasta","Tidak"
"640",4507062.57583802,37.1393324380482,"Belum Menikah","PNS","Tidak"
"641",4165811.76841562,28.8577771574388,"Menikah","Swasta","Tidak"
"642",5271066.75675055,32.6219248789441,"Menikah","PNS","Tidak"
"643",5157353.34721616,43.0828881857348,"Menikah","PNS","Tidak"
"644",5629711.74669273,42.2506397566522,"Belum Menikah","Wiraswasta","Tidak"
"645",4604202.0497111,40.5450937773342,"Belum Menikah","PNS","Tidak"
"646",5899354.0532031,32.1454805683484,"Menikah","Swasta","Tidak"
"647",4169188.47266375,25.5928426486222,"Belum Menikah","PNS","Tidak"
"648",4669455.29988004,29.1215090798792,"Belum Menikah","Swasta","Tidak"
"649",5740814.5237259,39.7627826231376,"Belum Menikah","Wiraswasta","Tidak"
"650",5989971.60862711,33.5471605691746,"Cerai","PNS","Tidak"
"651",3061495.29854662,24.1869592721601,"Menikah","Pelajar","Tidak"
"652",5107190.40701615,34.0990625614177,"Menikah","Wiraswasta","Tidak"
"653",5608779.01173463,42.0511961056229,"Cerai","PNS","Tidak"
"654",3549175.68650937,38.2173432025977,"Cerai","Wiraswasta","Tidak"
"655",5480625.59987522,30.8937072823529,"Menikah","Swasta","Tidak"
"656",4171825.7296032,27.2704167396749,"Menikah","PNS","Tidak"
"657",6020253.01216443,30.8672638718161,"Cerai","Swasta","Tidak"
"658",5538482.03210264,35.1726383566076,"Menikah","Swasta","Tidak"
"659",5769052.29499561,39.4403685045603,"Belum Menikah","Pelajar","Tidak"
"660",5120719.32928703,25.3002992260487,"Belum Menikah","Swasta","Tidak"
"661",5863648.43415775,40.1160087763706,"Cerai","PNS","Tidak"
"662",6380514.52831454,35.0272886329401,"Belum Menikah","PNS","Tidak"
"663",6966248.01545563,37.8488948480291,"Belum Menikah","PNS","Tidak"
"664",4971604.94525093,26.7337221838256,"Menikah","PNS","Tidak"
"665",2750948.9096676,31.6667280993891,"Menikah","PNS","Tidak"
"666",5031526.00459399,32.7588290536724,"Menikah","Swasta","Tidak"
"667",5205561.20844997,40.2194567415451,"Menikah","Swasta","Tidak"
"668",4844654.6528556,40.1408702369771,"Cerai","PNS","Tidak"
"669",5568288.62077707,37.1754522962417,"Menikah","PNS","Tidak"
"670",6010677.96451426,43.0210609081194,"Belum Menikah","Swasta","Tidak"
"671",4482017.56983218,32.4229440012732,"Menikah","PNS","Tidak"
"672",4705904.67284389,40.0626859688696,"Belum Menikah","PNS","Tidak"
"673",5397842.20880034,34.8202998510464,"Belum Menikah","Pelajar","Tidak"
"674",4449776.25851086,31.663289519118,"Menikah","PNS","Tidak"
"675",5091267.38348824,39.6169001916542,"Menikah","Swasta","Tidak"
"676",3038292.4011147,41.9055016542475,"Menikah","Pelajar","Tidak"
"677",3880100.27860238,39.3912520809242,"Menikah","Pelajar","Tidak"
"678",3672244.52439587,32.4529827228887,"Belum Menikah","Swasta","Tidak"
"679",4146376.30327276,32.6510618292245,"Belum Menikah","Wiraswasta","Tidak"
"680",4306695.47206933,41.88837923403,"Menikah","PNS","Tidak"
"681",5382305.14254637,36.7641320320887,"Menikah","PNS","Tidak"
"682",5982113.00252264,39.1478698966056,"Menikah","PNS","Tidak"
"683",4272616.47091246,33.3064900816785,"Menikah","PNS","Tidak"
"684",4003161.017622,41.3051746823233,"Belum Menikah","PNS","Tidak"
"685",3958311.14101049,30.956224275189,"Menikah","Swasta","Tidak"
"686",4585411.27363633,38.1267576043332,"Cerai","PNS","Tidak"
"687",4760970.93184744,30.9141251721594,"Cerai","PNS","Tidak"
"688",5483617.53383827,22.6871249170712,"Cerai","PNS","Tidak"
"689",4678675.15783161,28.2852124466016,"Belum Menikah","Swasta","Tidak"
"690",2921510.73113998,35.6814759960508,"Menikah","Wiraswasta","Tidak"
"691",4908565.72444986,39.4146137481291,"Menikah","Wiraswasta","Tidak"
"692",6187186.81065156,26.2434895845259,"Menikah","Swasta","Ya"
"693",6191601.26851032,28.7428776554024,"Menikah","Swasta","Ya"
"694",4211036.78188877,43.8227299828774,"Menikah","Wiraswasta","Tidak"
"695",3452223.45636243,32.8305032508837,"Menikah","Swasta","Tidak"
"696",7458060.49186527,37.528500659653,"Belum Menikah","PNS","Tidak"
"697",4837578.05752058,32.3653233931134,"Menikah","PNS","Tidak"
"698",4902548.74989438,33.5070855742425,"Menikah","Swasta","Tidak"
"699",5420574.18869815,35.4362210330262,"Menikah","PNS","Tidak"
"700",3385960.54338088,35.054809213995,"Belum Menikah","PNS","Tidak"
"701",4271780.88880871,34.0371989447897,"Menikah","Swasta","Tidak"
"702",3459557.59470999,32.6510175742813,"Cerai","Swasta","Tidak"
"703",4306905.3859894,19.7606955510064,"Cerai","Wiraswasta","Tidak"
"704",5118849.43300456,44.3432775016685,"Menikah","Swasta","Tidak"
"705",3635290.54201309,43.9521210412152,"Belum Menikah","Swasta","Tidak"
"706",5589982.67936731,29.4945912914038,"Belum Menikah","Wiraswasta","Tidak"
"707",5289344.02881734,34.1594623894502,"Menikah","Wiraswasta","Tidak"
"708",4095784.97437936,41.8763765235625,"Belum Menikah","PNS","Tidak"
"709",5226324.94238106,39.991450115261,"Cerai","Pelajar","Tidak"
"710",5748081.16249384,41.3830080937289,"Cerai","PNS","Tidak"
"711",6061095.25326174,29.641265409201,"Belum Menikah","Pelajar","Tidak"
"712",4787151.72135347,47.8863404809898,"Menikah","Swasta","Tidak"
"713",4906363.20608895,29.3327002011484,"Belum Menikah","PNS","Tidak"
"714",4913285.86501808,38.7695817094164,"Menikah","Wiraswasta","Tidak"
"715",6441461.75605504,35.7063799022284,"Menikah","Wiraswasta","Ya"
"716",6125071.89227799,32.9814484101898,"Menikah","Swasta","Ya"
"717",5834401.56775704,33.1029210090949,"Menikah","PNS","Tidak"
"718",4712659.20015931,30.043015937345,"Menikah","Swasta","Tidak"
"719",5373241.43416641,43.113298978784,"Menikah","Wiraswasta","Tidak"
"720",5403290.3312207,35.4475661388138,"Cerai","Swasta","Tidak"
"721",3958326.70571068,36.2960897460719,"Belum Menikah","Swasta","Tidak"
"722",3271695.48467926,36.0481641653052,"Menikah","Swasta","Tidak"
"723",5641830.02765162,33.1241462346957,"Belum Menikah","Swasta","Tidak"
"724",3470689.46881958,29.3298937762248,"Menikah","Swasta","Tidak"
"725",5001683.68848421,36.2686315484198,"Cerai","PNS","Tidak"
"726",5250247.82134833,24.5318027502054,"Belum Menikah","Swasta","Tidak"
"727",5563867.39030588,27.9071652858219,"Menikah","Wiraswasta","Tidak"
"728",5189426.23751481,29.6180165253081,"Menikah","PNS","Tidak"
"729",4267146.19370287,29.6066056866382,"Menikah","Swasta","Tidak"
"730",5986365.85989546,35.5359440828354,"Cerai","Wiraswasta","Tidak"
"731",6738633.76690625,42.9924377416237,"Belum Menikah","PNS","Tidak"
"732",5881178.80892544,27.4233792796752,"Cerai","Swasta","Tidak"
"733",3056349.09867602,37.1683801029831,"Cerai","Swasta","Tidak"
"734",6399576.18540294,39.4977237666052,"Belum Menikah","Wiraswasta","Tidak"
"735",4943944.05381373,30.0523389885556,"Menikah","Swasta","Tidak"
"736",5524914.27931929,34.7360029923876,"Belum Menikah","Pelajar","Tidak"
"737",5622033.23587106,39.1180545131103,"Cerai","Pelajar","Tidak"
"738",4903313.9267933,33.7224544872631,"Cerai","Swasta","Tidak"
"739",4924736.80235127,33.8965782637439,"Menikah","PNS","Tidak"
"740",6019157.0693309,36.5386339560531,"Belum Menikah","PNS","Tidak"
"741",5711601.92248624,34.6999337333336,"Menikah","Pelajar","Tidak"
"742",5990262.24604423,32.2217355503039,"Menikah","Swasta","Tidak"
"743",7382926.69523033,34.3069249026955,"Menikah","PNS","Ya"
"744",5664415.86369409,44.4141989619324,"Belum Menikah","PNS","Tidak"
"745",5207381.15738531,39.3683433980301,"Menikah","Swasta","Tidak"
"746",2789366.88942438,30.4270146358619,"Belum Menikah","PNS","Tidak"
"747",7691714.00324612,28.7754118883434,"Cerai","PNS","Tidak"
"748",4517323.17820369,33.200088796587,"Menikah","PNS","Tidak"
"749",7374734.71509539,41.6438735047399,"Belum Menikah","PNS","Tidak"
"750",5374643.56800499,36.4633955920848,"Belum Menikah","PNS","Tidak"
"751",6538430.19889679,31.4924738157967,"Belum Menikah","Wiraswasta","Tidak"
"752",4890289.67882376,39.4111728390901,"Cerai","Wiraswasta","Tidak"
"753",5511470.75469813,34.3331480563855,"Belum Menikah","Swasta","Tidak"
"754",5213957.97964226,29.3966075035429,"Cerai","PNS","Tidak"
"755",4813879.3006265,37.3059622710589,"Cerai","Swasta","Tidak"
"756",4879606.17537751,42.6207140508941,"Belum Menikah","Wiraswasta","Tidak"
"757",6012834.33584425,37.1723414906641,"Belum Menikah","PNS","Tidak"
"758",4798541.8530285,35.9600018556946,"Belum Menikah","Swasta","Tidak"
"759",2962317.5055592,31.7187843579147,"Menikah","PNS","Tidak"
"760",4804110.75117017,37.8419926543476,"Menikah","Swasta","Tidak"
"761",5539790.60553627,29.6471473255481,"Menikah","PNS","Tidak"
"762",5616455.71635144,26.7342548775955,"Belum Menikah","Wiraswasta","Tidak"
"763",5616567.81747743,34.7832361575312,"Menikah","Swasta","Tidak"
"764",3307898.47913092,34.8270324710048,"Belum Menikah","Pelajar","Tidak"
"765",5368742.05801119,46.825277660014,"Menikah","Wiraswasta","Tidak"
"766",5967859.20994706,28.9182634605405,"Menikah","Swasta","Tidak"
"767",6276578.68146766,35.8545316167452,"Cerai","Wiraswasta","Tidak"
"768",4775038.72895588,39.025265468111,"Cerai","PNS","Tidak"
"769",4678107.4138172,40.2529642205794,"Menikah","PNS","Tidak"
"770",6487837.83187804,34.9463775767034,"Belum Menikah","Swasta","Tidak"
"771",3332071.95422068,31.2837192928537,"Belum Menikah","Swasta","Tidak"
"772",4563170.02308687,34.6710797406501,"Belum Menikah","Wiraswasta","Tidak"
"773",5457462.07935745,44.6987799596858,"Cerai","Swasta","Tidak"
"774",3382226.23461877,37.4136950408792,"Belum Menikah","Swasta","Tidak"
"775",5279627.86243176,24.7776146372096,"Menikah","Swasta","Tidak"
"776",6877864.02105219,42.1172956432512,"Menikah","Pelajar","Tidak"
"777",4995939.34656366,37.7025133045754,"Menikah","Pelajar","Tidak"
"778",4721545.97503641,34.8321411408124,"Menikah","Pelajar","Tidak"
"779",5474911.71403405,34.9106818944495,"Belum Menikah","PNS","Tidak"
"780",4720927.82921269,34.251051401033,"Belum Menikah","Swasta","Tidak"
"781",5813400.37407906,36.2827974047762,"Belum Menikah","Swasta","Tidak"
"782",5904435.4644497,32.4806653348149,"Menikah","PNS","Tidak"
"783",5002691.66123012,36.3850562583,"Menikah","Swasta","Tidak"
"784",3823307.84225027,30.3432198758963,"Menikah","Pelajar","Tidak"
"785",3681779.27254091,36.0007343763738,"Belum Menikah","PNS","Tidak"
"786",4407002.63434468,40.5341871033322,"Menikah","Swasta","Tidak"
"787",5797380.50054984,37.546030568269,"Belum Menikah","PNS","Tidak"
"788",3041794.82534308,40.1687483822556,"Belum Menikah","PNS","Tidak"
"789",3113674.84126745,29.5456561909869,"Menikah","Swasta","Tidak"
"790",4346220.1752399,35.273963922363,"Menikah","PNS","Tidak"
"791",5394394.84798058,38.0862515136103,"Menikah","Swasta","Tidak"
"792",4086433.95183501,29.6599756613336,"Menikah","Swasta","Tidak"
"793",5886749.03709606,42.8290716852923,"Belum Menikah","Wiraswasta","Tidak"
"794",5333369.97015518,29.8259599450737,"Belum Menikah","PNS","Tidak"
"795",4829360.38176139,35.8225935425292,"Cerai","PNS","Tidak"
"796",5818828.13653178,35.7591616517754,"Menikah","Swasta","Tidak"
"797",5388365.16281937,35.6083515098343,"Cerai","Pelajar","Tidak"
"798",4554064.97278784,33.9478770817827,"Belum Menikah","PNS","Tidak"
"799",5231114.93441816,37.249683935731,"Cerai","PNS","Tidak"
"800",5647513.35797759,29.8441775405127,"Menikah","Wiraswasta","Tidak"
"801",5356283.34486205,28.5531790588839,"Menikah","PNS","Tidak"
"802",4341989.79205052,31.7271568094338,"Menikah","Pelajar","Tidak"
"803",5855202.20506419,34.7133794807611,"Menikah","PNS","Tidak"
"804",6152936.22555862,41.2837391017852,"Menikah","Swasta","Ya"
"805",5276274.55654334,42.9372706993227,"Menikah","Wiraswasta","Tidak"
"806",5144104.66246219,36.5974073127237,"Menikah","PNS","Tidak"
"807",4924374.91922016,36.9079581134657,"Menikah","Swasta","Tidak"
"808",7161415.84630279,33.7817755818028,"Menikah","Swasta","Ya"
"809",5276315.53213579,35.2402654202652,"Belum Menikah","Swasta","Tidak"
"810",4841705.97130006,27.977270694491,"Menikah","Pelajar","Tidak"
"811",2492082.19780275,36.4496686444788,"Belum Menikah","PNS","Tidak"
"812",3434718.23496947,32.3222320885313,"Menikah","PNS","Tidak"
"813",4922326.79938943,36.6733938655027,"Menikah","Pelajar","Tidak"
"814",5206294.0448431,33.2700933042275,"Menikah","PNS","Tidak"
"815",5276872.45886161,31.6919213258178,"Menikah","Wiraswasta","Tidak"
"816",5821506.78044862,33.9044431159898,"Cerai","PNS","Tidak"
"817",4805847.59067954,33.1654754468315,"Menikah","PNS","Tidak"
"818",6214588.79448256,40.4728910392119,"Cerai","PNS","Tidak"
"819",4078483.95713042,36.0460404121856,"Belum Menikah","PNS","Tidak"
"820",3791557.27955693,37.1624571307661,"Menikah","PNS","Tidak"
"821",3771013.82244619,28.7957320709961,"Menikah","Wiraswasta","Tidak"
"822",5742297.02418652,42.4841085481401,"Menikah","Swasta","Tidak"
"823",4917080.05766077,35.7968522058038,"Menikah","Wiraswasta","Tidak"
"824",5789817.9218205,30.7185929829837,"Cerai","Pelajar","Tidak"
"825",4732293.57844292,36.5452332272341,"Belum Menikah","PNS","Tidak"
"826",4408107.89778719,39.3521701492244,"Belum Menikah","Wiraswasta","Tidak"
"827",4631647.42487349,28.0816143084922,"Cerai","Swasta","Tidak"
"828",3147383.17575827,43.4505348501528,"Menikah","PNS","Tidak"
"829",3830384.73958589,34.2098464741082,"Menikah","PNS","Tidak"
"830",3557965.35364155,40.6058539032432,"Belum Menikah","PNS","Tidak"
"831",6054322.27197535,35.3613065954446,"Menikah","PNS","Ya"
"832",4402669.9086372,33.3378857771664,"Menikah","Swasta","Tidak"
"833",5789459.85279018,25.8253997668657,"Menikah","Swasta","Tidak"
"834",6516490.60169196,29.499138907064,"Menikah","PNS","Ya"
"835",4808225.19089006,34.7932985004128,"Belum Menikah","Swasta","Tidak"
"836",5283878.90635235,39.1392627255857,"Menikah","PNS","Tidak"
"837",3248932.48060392,25.5916067292271,"Belum Menikah","PNS","Tidak"
"838",4181330.2224802,41.8772055616212,"Belum Menikah","PNS","Tidak"
"839",5056214.84938284,41.9949523215149,"Menikah","Wiraswasta","Tidak"
"840",5299086.90333615,29.2834187204453,"Belum Menikah","Swasta","Tidak"
"841",4240601.88270112,37.3615028109656,"Menikah","Wiraswasta","Tidak"
"842",7684858.9992268,29.8318039332289,"Belum Menikah","Wiraswasta","Tidak"
"843",4541609.86090761,34.3740001065586,"Menikah","PNS","Tidak"
"844",5064243.55663004,39.6433136942334,"Menikah","Wiraswasta","Tidak"
"845",5649791.86715352,39.3416982384939,"Menikah","Swasta","Tidak"
"846",4973981.365226,30.7541269818326,"Belum Menikah","Swasta","Tidak"
"847",4356432.61297289,33.0668177276222,"Menikah","Wiraswasta","Tidak"
"848",6045305.6639633,30.1191821450142,"Belum Menikah","Pelajar","Tidak"
"849",6615545.3232072,36.6977182995246,"Cerai","Wiraswasta","Tidak"
"850",4970306.02895017,27.2046241778311,"Belum Menikah","Pelajar","Tidak"
"851",5562267.34540307,21.8533727922432,"Menikah","PNS","Tidak"
"852",4902587.50149737,42.3490614093643,"Belum Menikah","PNS","Tidak"
"853",6016455.21770216,46.3673645649736,"Belum Menikah","PNS","Tidak"
"854",3843832.60574015,32.7248322988059,"Menikah","Wiraswasta","Tidak"
"855",7320860.22399448,38.8055124354745,"Menikah","Swasta","Ya"
"856",4396468.75221166,34.9624860814514,"Menikah","Swasta","Tidak"
"857",3541150.58556191,42.37156899858,"Menikah","PNS","Tidak"
"858",4649082.17280693,37.7707196628469,"Belum Menikah","PNS","Tidak"
"859",5146708.484145,36.0183198255808,"Belum Menikah","PNS","Tidak"
"860",6623621.20768023,26.0043177411706,"Menikah","Pelajar","Tidak"
"861",5911209.67677132,40.4147784039888,"Menikah","Wiraswasta","Tidak"
"862",5142458.43204579,33.2457319247657,"Cerai","Swasta","Tidak"
"863",3610516.47601184,27.9825495764249,"Cerai","PNS","Tidak"
"864",4133962.25532789,33.9910166754334,"Menikah","PNS","Tidak"
"865",4836715.06777071,34.3661092010385,"Belum Menikah","PNS","Tidak"
"866",7553026.11346059,40.2960343633308,"Belum Menikah","Wiraswasta","Tidak"
"867",3139772.42578159,29.16301983868,"Belum Menikah","Swasta","Tidak"
"868",6131054.65184602,32.2117818634078,"Menikah","Wiraswasta","Ya"
"869",4472765.74276608,42.4405996419158,"Menikah","PNS","Tidak"
"870",6665990.89998742,41.7933288438502,"Menikah","Swasta","Ya"
"871",3860799.3600266,40.8160727195118,"Cerai","PNS","Tidak"
"872",5143623.23466275,43.3076197267394,"Belum Menikah","Swasta","Tidak"
"873",3900449.05829725,36.0201548991495,"Belum Menikah","Swasta","Tidak"
"874",5903516.42636168,32.0905815656511,"Menikah","Wiraswasta","Tidak"
"875",6483779.48873809,37.7760203093171,"Menikah","PNS","Ya"
"876",6950721.00640115,40.2936156291296,"Menikah","Swasta","Ya"
"877",5797600.65758952,47.0681663573552,"Menikah","Swasta","Tidak"
"878",6843266.25457782,25.1750883364441,"Menikah","Wiraswasta","Ya"
"879",6246423.90866165,36.3661785153341,"Menikah","Swasta","Ya"
"880",4868125.08817599,38.2739729143482,"Menikah","Swasta","Tidak"
"881",5477037.2382847,34.7270067231981,"Menikah","Wiraswasta","Tidak"
"882",4028005.78852407,27.2108887575744,"Belum Menikah","PNS","Tidak"
"883",4814797.83059901,38.7075044604312,"Cerai","Swasta","Tidak"
"884",6220963.70834882,31.1045712936804,"Belum Menikah","PNS","Tidak"
"885",5541284.14348235,37.5293074941526,"Menikah","Swasta","Tidak"
"886",5457357.33162533,39.5377585300892,"Menikah","Pelajar","Tidak"
"887",3961868.9603128,41.419785052373,"Menikah","Pelajar","Tidak"
"888",4395486.76966588,27.2106810130722,"Menikah","Swasta","Tidak"
"889",4235393.98624643,40.4087092408956,"Belum Menikah","Swasta","Tidak"
"890",5395295.8700135,31.2150932152699,"Cerai","Pelajar","Tidak"
"891",4009492.36953344,28.5549026307552,"Cerai","Wiraswasta","Tidak"
"892",5562041.39009905,41.5716033295972,"Menikah","Pelajar","Tidak"
"893",3883583.58806646,40.7312998663249,"Menikah","Swasta","Tidak"
"894",6828530.45813536,33.787083661475,"Menikah","PNS","Ya"
"895",5460591.3494781,38.7977035311917,"Menikah","Wiraswasta","Tidak"
"896",4298996.38774673,30.6983712928847,"Belum Menikah","Swasta","Tidak"
"897",5241045.93250122,34.2448421047398,"Belum Menikah","Pelajar","Tidak"
"898",4647546.80077204,34.5313838311956,"Menikah","Pelajar","Tidak"
"899",5371147.95975966,33.59629972748,"Menikah","Swasta","Tidak"
"900",5243532.7187603,38.6704936824862,"Menikah","Swasta","Tidak"
"901",3985885.82733853,42.6866376774797,"Belum Menikah","Swasta","Tidak"
"902",4208686.12118053,32.7211446861055,"Cerai","Wiraswasta","Tidak"
"903",5299593.68473956,34.8367077382214,"Cerai","Pelajar","Tidak"
"904",6639051.90875156,43.1837867458275,"Cerai","Swasta","Tidak"
"905",6084617.00867092,33.3547901473673,"Menikah","PNS","Ya"
"906",4375432.52638191,21.9798091469645,"Menikah","Wiraswasta","Tidak"
"907",5825922.90164749,37.5699189322397,"Menikah","Pelajar","Tidak"
"908",4951431.64724371,30.5676599444437,"Cerai","Swasta","Tidak"
"909",5301313.6517184,30.0073079699804,"Belum Menikah","PNS","Tidak"
"910",5260361.49073656,42.1040840679243,"Menikah","Swasta","Tidak"
"911",7575449.76372339,47.2399900350762,"Menikah","Pelajar","Tidak"
"912",3814711.18941278,29.8010872929823,"Belum Menikah","Swasta","Tidak"
"913",5100919.85901286,40.1551259083338,"Belum Menikah","PNS","Tidak"
"914",3220022.71203238,34.5292608081518,"Menikah","Swasta","Tidak"
"915",5589835.92295876,35.7090372961022,"Menikah","PNS","Tidak"
"916",6096608.4717214,41.111183507282,"Menikah","Swasta","Ya"
"917",6445662.24110115,36.0683725922053,"Belum Menikah","Wiraswasta","Tidak"
"918",3074854.74816288,30.7431732306962,"Belum Menikah","PNS","Tidak"
"919",5412769.49719403,32.6479556262857,"Menikah","Wiraswasta","Tidak"
"920",6593369.95138365,38.4306762764944,"Menikah","PNS","Ya"
"921",4585984.1369577,23.3202633407005,"Belum Menikah","Wiraswasta","Tidak"
"922",4787849.46791805,40.4762219092424,"Menikah","Swasta","Tidak"
"923",4963462.77779526,27.1642495058388,"Menikah","Swasta","Tidak"
"924",5365018.75143304,35.1096553140919,"Menikah","Swasta","Tidak"
"925",5665159.87574597,34.0482051120402,"Menikah","Swasta","Tidak"
"926",6317820.88371148,41.4653474301217,"Cerai","Swasta","Tidak"
"927",4904512.40955501,35.9442465752831,"Menikah","Pelajar","Tidak"
"928",5196278.04547247,35.5096956745261,"Menikah","Wiraswasta","Tidak"
"929",7487997.87722146,38.490679044293,"Belum Menikah","PNS","Tidak"
"930",5431098.92811499,30.8649272190478,"Belum Menikah","Swasta","Tidak"
"931",5188753.10932983,34.0205057196681,"Belum Menikah","PNS","Tidak"
"932",3657756.87471655,40.8879220690388,"Belum Menikah","Swasta","Tidak"
"933",5002856.04762223,38.4173681048993,"Belum Menikah","PNS","Tidak"
"934",4778673.84683312,28.6225164662374,"Cerai","PNS","Tidak"
"935",4988954.17019063,38.1897818370544,"Cerai","Wiraswasta","Tidak"
"936",4424582.35872883,28.1120518769814,"Belum Menikah","Pelajar","Tidak"
"937",4313184.3475573,32.0084459814016,"Belum Menikah","Swasta","Tidak"
"938",4279226.36817988,41.054601919285,"Menikah","PNS","Tidak"
"939",4785495.48460023,23.7447741227707,"Menikah","Swasta","Tidak"
"940",6368132.64802863,26.1049290455959,"Menikah","Swasta","Ya"
"941",6049086.62655933,41.5068633641321,"Menikah","Pelajar","Tidak"
"942",4640024.88205694,30.9260360797367,"Menikah","Wiraswasta","Tidak"
"943",3314083.54546126,41.2185350928946,"Menikah","PNS","Tidak"
"944",4155416.57146405,34.1587489962195,"Menikah","Swasta","Tidak"
"945",4542239.46675949,37.1388783918146,"Cerai","Pelajar","Tidak"
"946",5103638.0042283,39.0663944481462,"Belum Menikah","Swasta","Tidak"
"947",4337392.72429918,31.7439406531998,"Menikah","PNS","Tidak"
"948",7006680.69083189,33.477045384267,"Belum Menikah","PNS","Tidak"
"949",4727732.46558165,32.9245141517718,"Menikah","Pelajar","Tidak"
"950",3786055.52976049,49.0804213801119,"Belum Menikah","Wiraswasta","Tidak"
"951",4858738.24271749,35.6307353454879,"Belum Menikah","Swasta","Tidak"
"952",3994622.41840659,37.3640021155554,"Menikah","PNS","Tidak"
"953",5156155.70727533,33.2962322952952,"Belum Menikah","PNS","Tidak"
"954",5233633.61408987,33.791046786727,"Belum Menikah","PNS","Tidak"
"955",5355587.61162838,41.8937733442866,"Menikah","Swasta","Tidak"
"956",3378141.74087579,33.305581652313,"Belum Menikah","Wiraswasta","Tidak"
"957",5220711.29097065,35.1006815138038,"Belum Menikah","Pelajar","Tidak"
"958",5310450.08054165,36.8848108207053,"Menikah","Wiraswasta","Tidak"
"959",3578891.55249551,32.8413812748106,"Cerai","Pelajar","Tidak"
"960",5955365.63973041,44.7953207808852,"Menikah","PNS","Tidak"
"961",5784170.87909434,27.8577019388941,"Cerai","PNS","Tidak"
"962",7299619.36115445,45.0564648992281,"Cerai","PNS","Tidak"
"963",5156702.98737573,33.2420405556041,"Menikah","Pelajar","Tidak"
"964",5046733.527518,41.7855982342475,"Menikah","Swasta","Tidak"
"965",5096585.83408244,25.0041129449626,"Belum Menikah","Pelajar","Tidak"
"966",5069766.2309003,39.7804031071423,"Belum Menikah","Wiraswasta","Tidak"
"967",3151527.22466233,39.3821563248843,"Menikah","PNS","Tidak"
"968",3328872.94135776,28.6439151421996,"Menikah","Pelajar","Tidak"
"969",4922461.0332088,31.1583806075519,"Menikah","Swasta","Tidak"
"970",4418932.6194335,35.9676242273511,"Menikah","Wiraswasta","Tidak"
"971",5054736.52505743,40.719177143985,"Cerai","PNS","Tidak"
"972",2888791.62673947,31.1700034798566,"Menikah","Pelajar","Tidak"
"973",3501301.74547324,33.8793700047335,"Cerai","Swasta","Tidak"
"974",3898516.56106126,42.8567346748867,"Cerai","PNS","Tidak"
"975",5986058.22106025,29.3632637957425,"Menikah","Wiraswasta","Tidak"
"976",3901509.99290988,39.7389699035843,"Belum Menikah","PNS","Tidak"
"977",4200486.04642347,37.2438409461745,"Menikah","Swasta","Tidak"
"978",5079873.81867405,29.4709273572184,"Belum Menikah","Swasta","Tidak"
"979",4677253.63817489,31.6606607891311,"Menikah","Swasta","Tidak"
"980",5146417.17866796,38.916387551511,"Menikah","Swasta","Tidak"
"981",7305061.98204569,36.2447971635606,"Cerai","Pelajar","Tidak"
"982",3875396.32874176,42.1254913873374,"Menikah","PNS","Tidak"
"983",4694530.3600902,31.9910801895421,"Belum Menikah","PNS","Tidak"
"984",4483240.55025627,26.4275615181026,"Belum Menikah","PNS","Tidak"
"985",6512395.42683245,40.2391346323913,"Menikah","PNS","Ya"
"986",4230515.07710972,31.9568919078294,"Menikah","Pelajar","Tidak"
"987",4917913.09622428,35.6017026341128,"Cerai","Swasta","Tidak"
"988",5787133.61432271,43.595209069259,"Menikah","PNS","Tidak"
"989",3941409.4640516,33.747929738444,"Menikah","PNS","Tidak"
"990",6655175.81574201,42.7477766369849,"Menikah","PNS","Ya"
"991",5675762.41547425,29.5143017503378,"Belum Menikah","Wiraswasta","Tidak"
"992",3925793.39046965,39.6275561805812,"Menikah","PNS","Tidak"
"993",5454577.80905774,36.233996059355,"Cerai","PNS","Tidak"
"994",4786692.85676693,31.3161423032427,"Belum Menikah","Swasta","Tidak"
"995",5313228.77199433,28.5999553055517,"Menikah","PNS","Tidak"
"996",4910024.80298434,35.3832183179725,"Menikah","Wiraswasta","Tidak"
"997",6070516.03677834,36.2758238122704,"Cerai","Wiraswasta","Tidak"
"998",3648899.61429667,36.3872340851734,"Menikah","Pelajar","Tidak"
"999",4477383.30280408,37.6842801111577,"Belum Menikah","Wiraswasta","Tidak"
"1000",4750809.3222446,32.6975721701164,"Menikah","Pelajar","Tidak"
